Outcome,DiD_Effect,Std_Error,P_Value,Significant
Speed (mph),0.8037336122138304,0.15138314235526168,1.1006663307464955e-07,***
Trip Distance (miles),0.05528060839555978,0.04279541003132163,0.1964466703538963,
Travel Time (min),-1.690096428943617,0.21676220856708694,6.339279154815043e-15,***
